<?xml version="1.0" encoding="UTF-8"?>  
<beans  
    xmlns="http://www.springframework.org/schema/beans"  
    xmlns:xsi="http://www.w3.org/2001/XMLSchema-instance"  
    xmlns:p="http://www.springframework.org/schema/p"  
    xsi:schemaLocation="http://www.springframework.org/schema/beans  
               http://www.springframework.org/schema/beans/spring-beans-3.0.xsd">  
  
   <bean id="person" class="/web.application/src/main/java/com/ofs/training/service/Person.java">
   <property name="id" value="1"></property>
   <property name="firstname" value="shivani"></property>
   <property name="lastname" value="nagi"></property>
   <property name="email" value="shiv@gmail.com"></property>
   <property name="birthDate" value="26-05-1996"></property>
   </bean>
   <bean id="address" class="/web.application/src/main/java/com/ofs/training/service/Address.java"></bean>
   <bean id="personService" class="/web.application/src/main/java/com/ofs/training/service/PersonService.java"></bean>
   <bean id="addressService" class="/web.application/src/main/java/com/ofs/training/service/AddressService.java"></bean>
   <bean id="personController" class="/web.application/src/main/java/com/ofs/training/servlet/PersonServlet.java"></bean>
   <bean id="addressController" class="/web.application/src/main/java/com/ofs/training/servlet/AddressServlet.java"></bean>
</beans>