[{
    "id" : 1,
    "firstname" : "shivani",
    "lastname" : "Nagi",
    "email" : "shiv@gmail.com",
    "birthDate" : "26-05-1996"
  },
  {
    "id" : 2,
    "firstname" : "Ruchira",
    "lastname" : "Nagi",
    "email" : "ruchi@gmail.com",
    "birthDate" : "23-12-2000"
  },
  {
    "id" : 3,
    "firstname" : "selva",
    "lastname" : "rani",
    "email" : "selvi@gmail.com",
    "birthDate" : "07-12-1974"
  },
  {
    "id" : 4,
    "firstname" : "Nagi",
    "lastname" : "reddi",
    "email" : "nagi@gmail.com",
    "birthDate" : "28-06-1964"
  },
  {
    "id" : 5,
    "firstname" : "jaya",
    "lastname" : "jothi",
    "email" : "jothi@gmail.com",
    "birthDate" : "09-03-1945"
  },
  {
    "id" : 6,
    "firstname" : "raja",
    "lastname" : "lakshmi",
    "email" : "lakshmi@gmail.com",
    "birthDate" : "09-03-1962"
  }]
